{
	"name": "Приключения Болика",
	"short_name": "Приключения Болика",
	"description": "2D-игра \"Приключения Болика\". Бродилка с автоматической генерацией предметов сбора, областью тумана. Игра запрограммирована на прохождение за определенное время, при окончании которого происходит подсчет очков.",
	"start_url": "index.html",
	"display": "fullscreen",
	"orientation": "landscape",
	"background_color": "#ffffff",
	"icons": [
		{
			"src": "icons/Иконка-16.png",
			"sizes": "16x16",
			"type": "image/png"
		},
		{
			"src": "icons/Иконка-32.png",
			"sizes": "32x32",
			"type": "image/png"
		},
		{
			"src": "icons/Иконка-64.png",
			"sizes": "64x64",
			"type": "image/png"
		},
		{
			"src": "icons/Иконка-128.png",
			"sizes": "128x128",
			"type": "image/png"
		},
		{
			"src": "icons/Иконка-256.png",
			"sizes": "256x256",
			"type": "image/png"
		},
		{
			"src": "icons/Иконка-512.png",
			"sizes": "512x512",
			"type": "image/png"
		}
	]
}