{
	"name": "Приключения Болика",
	"version": "1.0.0.0",
	"description": "2D-игра \"Приключения Болика\". Бродилка с автоматической генерацией предметов сбора, областью тумана. Игра запрограммирована на прохождение за определенное время, при окончании которого происходит подсчет очков.",
	"id": "Bolik",
	"unique-id": "pmdfq12xfa2",
	"viewport-width": 600,
	"viewport-height": 400,
	"author": "A.Kobzeva",
	"email": "lisenokstar88@gmail.com",
	"website": "",
	"orientations": "landscape",
	"c2version": "244",
	"c3version": "r350",
	"ife": true,
	"used-plugins": [
		"Tilemap",
		"Sprite",
		"Text",
		"TiledBg",
		"Audio",
		"Keyboard",
		"Arr",
		"Browser",
		"Mouse",
		"TextBox",
		"Button",
		"FileSystem"
	],
	"used-behaviors": [
		"solid",
		"EightDir",
		"scrollto",
		"bound",
		"Anchor"
	]
}